GROUP,PACKAGE,CLASS,INSTRUCTION_MISSED,INSTRUCTION_COVERED,BRANCH_MISSED,BRANCH_COVERED,LINE_MISSED,LINE_COVERED,COMPLEXITY_MISSED,COMPLEXITY_COVERED,METHOD_MISSED,METHOD_COVERED
DavidWebb,com.goebl.david,Const,3,7,0,0,1,2,1,1,1,1
DavidWebb,com.goebl.david,Request.Method,9,49,0,0,0,2,2,2,2,2
DavidWebb,com.goebl.david,Webb,109,569,44,92,22,148,40,55,5,22
DavidWebb,com.goebl.david,Webb.AutoDisconnectInputStream,6,14,0,0,0,7,0,2,0,2
DavidWebb,com.goebl.david,WebbUtils,55,612,13,97,16,154,14,59,1,17
DavidWebb,com.goebl.david,WebbException,0,23,0,0,0,10,0,5,0,5
DavidWebb,com.goebl.david,Request,9,257,5,25,3,68,5,32,0,22
DavidWebb,com.goebl.david,RetryManager,36,79,10,4,13,9,7,5,1,4
DavidWebb,com.goebl.david,Response,0,99,0,4,0,23,0,20,0,18
